{
  "name": "webpack-starter",
  "version": "1.0.0",
  "description": "Webpack-starter project",
  "main": " ",
  "scripts": {
    "dev": "webpack-dev-server --config webpack.config.dev.js",
    "build": "webpack --config webpack.config.prod.js --progress"
  },
  "author": "Rumar Yuriy",
  "devDependencies": {
    "autoprefixer": "^7.2.5",
    "babel-core": "^6.21.0",
    "babel-loader": "^7.1.2",
    "babel-preset-env": "^1.1.8",
    "copy-webpack-plugin": "^4.4.2",
    "css-loader": "^0.28.7",
    "extract-text-webpack-plugin": "^3.0.2",
    "file-loader": "^1.1.9",
    "html-webpack-plugin": "^2.30.1",
    "node-sass": "^4.7.2",
    "postcss-loader": "^2.0.8",
    "sass-loader": "^6.0.6",
    "style-loader": "^0.19.1",
    "uglifyjs-webpack-plugin": "^1.2.2",
    "url-loader": "^0.6.2",
    "vue-loader": "^13.3.0",
    "webpack": "^3.10.0",
    "webpack-dev-server": "^2.9.7",
    "webpack-stream": "^4.0.0"
  },
  "dependencies": {
    "babel-polyfill": "^6.23.0",
    "jquery": "^3.1.1",
    "vue": "^2.1.8"
  }
}
